"HEALTHCARE_FACILITY_ID","FACILITY_NAME","ADDRESS","CITY","ZIPCODE","COUNTY_CODE","COUNTY_NAME","LICENSE_TYPE_DESC","LICENSE_CATEGORY_DESC","LATITUDE","LONGITUDE"
26,"MAMMOTH HOSPITAL","85 SIERRA PARK ROAD","MAMMOTH LAKES","93546","26","MONO","Hospital","General Acute Care Hospital","37.64524000","-118.96408000"
125,"BEAR VALLEY COMMUNITY HOSPITAL","41870 GARSTIN DR","BIG BEAR LAKE","92315","36","SAN BERNARDINO","Hospital","General Acute Care Hospital","34.24728000","-116.88988000"
202,"SAN JOAQUIN GENERAL HOSPITAL","500 W HOSPITAL RD","FRENCH CAMP","95231","39","SAN JOAQUIN","Hospital","General Acute Care Hospital","37.88594000","-121.28918000"
671,"BELL CONVALESCENT HOSPITAL","4900 FLORENCE AVE","BELL","90201","19","LOS ANGELES","Long Term Care Facility","Skilled Nursing Facility","33.96920860","-118.18013820"
867,"SOUTHERN INYO HOSPITAL","501 E LOCUST ST","LONE PINE","93545","14","INYO","Hospital","General Acute Care Hospital","36.60840000","-118.05816000"
1305,"ORCHARDS SKILLED NURSING","92694","LADERA RANCH","92694","30","ORANGE","Long Term Care Facility","Skilled Nursing Facility","33.54638000","-117.64086000"
1327,"CENTER FOR DISCOVERY - SACRAMENTO","5422 CAVITT STALLMAN RD","GRANITE BAY","95746","31","PLACER","Long Term Care Facility","Congregate Living Health Facility","38.76308000","-121.20291000"
1544,"NEURORESTORATIVE CALIFORNIA","102 E AVOCADO CREST RD","LA HABRA HEIGHTS","90631","19","LOS ANGELES","Long Term Care Facility","Congregate Living Health Facility","33.94969000","-117.96222000"
1569,"DELTA VIEW DIALYSIS","1150 E LELAND RD","PITTSBURG","94565","07","CONTRA COSTA","Clinic","Chronic Dialysis Clinic","38.00862000","-121.87297000"
1572,"LA CLINICA OAKLEY","2021 MAIN ST","OAKLEY","94561","07","CONTRA COSTA","Clinic","Community Clinic","38.00405640","-121.73291980"
1577,"EL SOBRANTE DIALYSIS","3380 SAN PABLO DAM RD","SAN PABLO","94803","07","CONTRA COSTA","Clinic","Chronic Dialysis Clinic","37.96294000","-122.32472000"
1610,"UNITED HEALTH CTRS OF SAN JOAQUIN VALLEY","445 11TH ST","ORANGE COVE","93646","10","FRESNO","Clinic","Community Clinic","36.62739000","-119.31910000"
1619,"UNITED HEALTH CENTERS OF THE SAN JOAQUIN VALLEY","121 BARBOZA ST","MENDOTA","93640","10","FRESNO","Clinic","Community Clinic","36.76658000","-120.38400000"
1620,"CENTRAL VALLEY INDIAN HEALTH CLINIC PRATHER","29369 AUBERRY RD","PRATHER","93651","10","FRESNO","Clinic","Community Clinic","37.03865000","-119.51793000"
1621,"COALINGA VALLEY HEALTH CLINICS, INC. - HURON","36617 CENTRAL AVE","HURON","93234","10","FRESNO","Clinic","Community Clinic","36.20153630","-120.10229610"
1623,"VALLEY SMILES","21890 W COLORADO AVE","SAN JOAQUIN","93660","10","FRESNO","Clinic","Community Clinic","36.60480000","-120.18476000"
1630,"SANGER SEQUOIA DIALYSIS","2517 JENSEN AVE","SANGER","93657","10","FRESNO","Clinic","Chronic Dialysis Clinic","36.70675740","-119.57230760"
1635,"SELMA DIALYSIS","2711 CINEMA WAY","SELMA","93662","10","FRESNO","Clinic","Chronic Dialysis Clinic","36.57283000","-119.62424000"
1640,"SABLAN HEALTH CENTER","927 O ST","FIREBAUGH","93622","10","FRESNO","Clinic","Community Clinic","36.86071800","-120.45784000"
1645,"COALINGA DIALYSIS","1147 PHELPS AVE","COALINGA","93210","10","FRESNO","Clinic","Chronic Dialysis Clinic","36.15153000","-120.34141000"
1651,"ARIA COMMUNITY HEALTH CENTER RIVERDALE","3554 W MOUNT WHITNEY AVE","RIVERDALE","93656","10","FRESNO","Clinic","Community Clinic","36.43084000","-119.86210000"
1655,"KERMAN DIALYSIS CENTER LLC","14945 W WHITESBRIDGE AVE","KERMAN","93630","10","FRESNO","Clinic","Chronic Dialysis Clinic","36.73491000","-120.05912000"
1656,"KINGSBURG COMMUNITY HEALTH CENTER","1250 SMITH ST","KINGSBURG","93631","10","FRESNO","Clinic","Community Clinic","36.51289000","-119.54886000"
1657,"UNITED HEALTH CENTERS OF THE SAN JOAQUIN VALLEY","601 3RD ST","PARLIER","93648","10","FRESNO","Clinic","Community Clinic","36.61428000","-119.52760000"
1658,"UNITED HEALTH CENTERS OF THE SAN JOAQUIN VALLEY","106 E MAIN ST","FOWLER","93625","10","FRESNO","Clinic","Community Clinic","36.62891000","-119.67867000"
1660,"OMNI FAMILY HEALTH","925 G ST","REEDLEY","93654","10","FRESNO","Clinic","Community Clinic","36.59801000","-119.45264000"
1665,"NORTHERN VALLEY INDIAN HEALTH, INC.","207 N BUTTE ST","WILLOWS","95988","11","GLENN","Clinic","Community Clinic","39.52209000","-122.19539000"
1671,"REDWOODS RURAL HEALTH CENTER, INC","101 W COAST RD","REDWAY","95560","12","HUMBOLDT","Clinic","Community Clinic","40.11687000","-123.81342000"
1672,"WILLOW CREEK COMMUNITY HEALTH CENTER","38883 CA-299","WILLOW CREEK","95573","12","HUMBOLDT","Clinic","Community Clinic","40.93997000","-123.63366000"
1678,"FRESENIUS MEDICAL CARE MCKINLEYVILLE","1550 HEARTWOOD DR","MCKINLEYVILLE","95519","12","HUMBOLDT","Clinic","Chronic Dialysis Clinic","40.93937390","-124.10311180"
1683,"FERNDALE COMMUNITY HEALTH CENTER","638 MAIN ST","FERNDALE","95536","12","HUMBOLDT","Clinic","Community Clinic","40.57840000","-124.26136100"
1685,"FORTUNA COMMUNITY HEALTH CENTER","3750 ROHNERVILLE RD","FORTUNA","95540","12","HUMBOLDT","Clinic","Community Clinic","40.58227000","-124.13090000"
1696,"FRESENIUS MEDICAL CARE CALEXICO DIALYSIS","351 E BIRCH ST","CALEXICO","92231","13","IMPERIAL","Clinic","Chronic Dialysis Clinic","32.67918310","-115.49382220"
1698,"OMNI FAMILY HEALTH","277 E FRONT ST","BUTTONWILLOW","93206","15","KERN","Clinic","Community Clinic","35.39970000","-119.46587000"
1715,"LAMONT COMMUNITY HEALTH CENTER","8787 HALL RD","LAMONT","93241","15","KERN","Clinic","Community Clinic","35.25967000","-118.90805000"
1721,"OMNI FAMILY HEALTH","1100 4TH ST","TAFT","93268","15","KERN","Clinic","Community Clinic","35.14987000","-119.45307000"
1751,"ARVIN DIALYSIS","902 BEAR MOUNTAIN BLVD","ARVIN","93203","15","KERN","Clinic","Chronic Dialysis Clinic","35.20916000","-118.83408000"
1760,"SANDERLING DIALYSIS OF TEHACHAPI","711 W VALLEY BLVD","TEHACHAPI","93561","15","KERN","Clinic","Chronic Dialysis Clinic","35.12435000","-118.45960000"
1761,"OMNI FAMILY HEALTH","659 CENTRAL VALLEY HWY","SHAFTER","93263","15","KERN","Clinic","Community Clinic","35.50163000","-119.27298000"
1764,"WASCO STATE PRISON - CDC","701 SCOFIELD AVE","WASCO","93280","15","KERN","Clinic","Chronic Dialysis Clinic","35.59410000","-119.40266000"
1770,"ARIA COMMUNITY HEALTH CENTER","140 C ST","LEMOORE","93245","16","KINGS","Clinic","Community Clinic","36.30110000","-119.78238000"
1773,"UNITED HEALTH CENTERS OF THE SAN JOAQUIN VALLEY","1000 CHITTENDEN AVE","CORCORAN","93212","16","KINGS","Clinic","Community Clinic","36.09924000","-119.56003000"
1774,"ARIA COMMUNITY HEALTH CENTER AMC","148 E KINGS ST","AVENAL","93204","16","KINGS","Clinic","Community Clinic","36.00226000","-120.13654100"
1775,"ARIA COMMUNITY HEALTH CENTER KETTLEMAN CITY","304 BECKY PEASE ST","KETTLEMAN CITY","93239","16","KINGS","Clinic","Community Clinic","36.00950000","-119.96020000"
1783,"PLANNED PARENTHOOD CLEARLAKE CENTER","14671 OLYMPIC DR","CLEARLAKE","95422","17","LAKE","Clinic","Community Clinic","38.96091120","-122.64334170"
1987,"CARENET PREGNANCY CENTER OF PARADISE","6585 CLARK RD","PARADISE","95969","04","BUTTE","Clinic","Community Clinic","39.77559000","-121.59266000"
1990,"MACT DENTAL CLINIC SAN ANDREAS","1113 HIGHWAY 49","SAN ANDREAS","95249","05","CALAVERAS","Clinic","Community Clinic","38.20787000","-120.69724000"
1992,"AMPLA HEALTH ARBUCKLE MEDICAL & DENTAL","89 PUTNAM WAY.","ARBUCKLE","95912","06","COLUSA","Clinic","Community Clinic","39.02029000","-122.06124900"
2061,"BELL GARDENS COMMUNITY HEALTH CENTER","6912 AJAX AVE","BELL GARDENS","90201","19","LOS ANGELES","Clinic","Community Clinic","33.96996000","-118.16294000"
2063,"VENICE FAMILY CLINIC - ROBERT LEVINE FAMILY HEALTH.","905 VENICE BLVD","VENICE","90291","19","LOS ANGELES","Clinic","Community Clinic","33.99358000","-118.45434100"
2365,"SOUTH GATE DIALYSIS","9848 ATLANTIC AVE","SOUTH GATE","90280","19","LOS ANGELES","Clinic","Chronic Dialysis Clinic","33.94209000","-118.18127000"
2374,"CAMARENA HEALTH","300 PROSPERITY BLVD","CHOWCHILLA","93610","20","MADERA","Clinic","Community Clinic","37.12532000","-120.25396000"
2382,"CAMARENA HEALTH","49169 RD 426","OAKHURST","93644","20","MADERA","Clinic","Community Clinic","37.33015700","-119.65053920"
2384,"SATELLITE DIALYSIS","565 SIR FRANCIS DRAKE BLVD","GREENBRAE","94904","21","MARIN","Clinic","Chronic Dialysis Clinic","37.94811000","-122.52691000"
2385,"POINT REYES MEDICAL CLINIC","3 6TH ST","POINT REYES STATION","94956","21","MARIN","Clinic","Community Clinic","38.06928000","-122.80862000"
2392,"MARIN CITY HEALTH AND WELLNESS CENTER","630 DRAKE AVE","SAUSALITO","94965","21","MARIN","Clinic","Community Clinic","37.87217000","-122.51490000"
2400,"CSP-SAN QUENTIN DIALYSIS UNIT","1 MAIN ST","SAN QUENTIN","94964","21","MARIN","Clinic","Chronic Dialysis Clinic","37.94294000","-122.48074000"
2406,"ANDERSON VALLEY HEALTH CENTER, INC","13500 AIRPORT RD","BOONVILLE","95415","23","MENDOCINO","Clinic","Community Clinic","39.01238000","-123.37939000"
2410,"LONG VALLEY HEALTH CENTER DENTAL CLINIC","51 BRANSCOMB RD","LAYTONVILLE","95454","23","MENDOCINO","Clinic","Community Clinic","39.68776000","-123.48411000"
2423,"GOLDEN VALLEY HEALTH CENTER - PLANADA","9235 E BROADWAY ST","PLANADA","95365","24","MERCED","Clinic","Community Clinic","37.29052000","-120.32013000"
2425,"GOLDEN VALLEY HEALTH CENTER - DOS PALOS","1405 CALIFORNIA AVE","DOS PALOS","93620","24","MERCED","Clinic","Community Clinic","36.98662000","-120.62905000"
2430,"GOLDEN VALLEY HEALTH CENTER-LE GRAND","13161 JEFFERSON ST","LE GRAND","95333","24","MERCED","Clinic","Community Clinic","37.22922700","-120.25073800"
2441,"HILMAR HEALTH CENTER","7970 LANDER AVE","HILMAR","95324","24","MERCED","Clinic","Community Clinic","37.40384000","-120.84840000"
2444,"PACHECO DIALYSIS","1245 W PACHECO BLVD","LOS BANOS","93635","24","MERCED","Clinic","Chronic Dialysis Clinic","37.05515000","-120.87141000"
2445,"WOLVES WELLNESS CENTER","1617 MAIN ST","LIVINGSTON","95334","24","MERCED","Clinic","Community Clinic","37.37648000","-120.72341000"
2457,"BLIND AND VISUALLY IMPAIRED CENTER OF MONTEREY CO","225 LAUREL AVE","PACIFIC GROVE","93950","27","MONTEREY","Clinic","Community Clinic","36.61721000","-121.90931000"
2464,"SOLEDAD DIALYSIS","901 LOS COCHES DR","SOLEDAD","93960","27","MONTEREY","Clinic","Chronic Dialysis Clinic","36.41524000","-121.31693000"
2487,"SIERRA FAMILY MEDICAL CLINIC, INC.","15301 TYLER FOOTE RD","NEVADA CITY","95959","29","NEVADA","Clinic","Community Clinic","39.36572530","-121.03654960"
2541,"CEDAR MOUNTAIN POST ACUTE","11970 4TH ST","YUCAIPA","92399","36","SAN BERNARDINO","Long Term Care Facility","Skilled Nursing Facility","34.03641700","-117.05206500"
2635,"EDGEMOOR HOSPITAL DP/SNF","655 PARK CENTER DRIVE","SANTEE","92071","37","SAN DIEGO","Hospital","Acute Psychiatric Hospital","32.85253820","-116.97508000"
2706,"TOTAL CARE MEDICAL CLINIC","1110 W ANAHEIM ST","WILMINGTON","90744","19","LOS ANGELES","Clinic","Community Clinic","33.77896380","-118.27584060"
2781,"QUICLINICS MEDICAL PARTNERS","3620 MARTIN LUTHER KING JR BLVD","LYNWOOD","90262","19","LOS ANGELES","Clinic","Community Clinic","33.93187000","-118.20341000"
2784,"AGHABY COMPREHENSIVE COMMUNITY HEALTH CENTER","349 W COMPTON BLVD","COMPTON","90220","19","LOS ANGELES","Clinic","Community Clinic","33.89598000","-118.22771000"
2786,"MAD RIVER COMMUNITY HOSPITAL HOME CARE SERVICE","4605 VALLEY WEST BLVD","ARCATA","95521","12","HUMBOLDT","Home Health Agency/Hospice","Home Health Agency","40.90028000","-124.08288000"
2790,"UNI CARE HOME CARE INC","630 S BRAWLEY AVE","BRAWLEY","92227","13","IMPERIAL","Home Health Agency/Hospice","Home Health Agency","32.97177610","-115.54242850"
2797,"ACCENTCARE HOSPICE OF CALIFORNIA, INC.","2344 S 2ND ST","EL CENTRO","92243","13","IMPERIAL","Home Health Agency/Hospice","Hospice","32.77185000","-115.54605000"
2799,"HOSPICE OF THE OWENS VALLEY","363 ACADEMY ST","BISHOP","93514","14","INYO","Home Health Agency/Hospice","Hospice","37.36314000","-118.39790000"
2810,"DELANO HOME HEALTH CARE, INC.","1619 CECIL AVE","DELANO","93215","15","KERN","Home Health Agency/Hospice","Home Health Agency","35.77622000","-119.23554000"
2834,"OPTIMAL HOSPICE CARE - BRANCH","6504 LAKE ISABELLA BLVD","LAKE ISABELLA","93240","15","KERN","Home Health Agency/Hospice","Hospice","35.63037090","-118.47239060"
2845,"ADVENTIST HEALTH HOME CARE SERVICES","1601 NEW STINE RD","BAKERSFIELD","93309","15","KERN","Home Health Agency/Hospice","Hospice","35.34039000","-119.06125000"
2846,"RIDGECREST REGIONAL HOSPICE","1653 TRIANGLE DR","RIDGECREST","93555","15","KERN","Home Health Agency/Hospice","Hospice","35.65037000","-117.67179000"
2847,"ADVENTIST HEALTH HOME CARE SERVICES","440 GREENFIELD AVE","HANFORD","93230","16","KINGS","Home Health Agency/Hospice","Home Health Agency","36.32904000","-119.65817000"
2947,"LUZ HOME HEALTH CARE, INC.","2701 E GAGE AVE","HUNTINGTON PARK","90255","19","LOS ANGELES","Home Health Agency/Hospice","Home Health Agency","33.98166000","-118.22227000"
2988,"IMPERIAL BEACH HEALTH CENTER","949 PALM AVE","IMPERIAL BEACH","91932","37","SAN DIEGO","Clinic","Community Clinic","32.58380000","-117.11343000"
3022,"NEIGHBORHOOD HEALTHCARE - LAKESIDE","10039 VINE ST","LAKESIDE","92040","37","SAN DIEGO","Clinic","Community Clinic","32.86119000","-116.92118000"
3041,"HOSPICE SERVICES OF LAKE COUNTY","1862 PARALLEL DR","LAKEPORT","95453","17","LAKE","Home Health Agency/Hospice","Hospice","39.02869000","-122.92109000"
3617,"SUNRISE HOME HEALTH CARE PROVIDER, INC","2211 S HACIENDA BLVD","HACIENDA HEIGHTS","91745","19","LOS ANGELES","Home Health Agency/Hospice","Home Health Agency","33.99443000","-117.96875000"
3973,"COMMUNITY HEALTH CENTERS, ARROYO GRANDE","260 STATION WAY","ARROYO GRANDE","93420","40","SAN LUIS OBISPO","Clinic","Community Clinic","35.11982270","-120.57804640"
3980,"COMMUNITY HEALTH CENTERS MOBILE MEDICAL VAN 3","150 TEJAS PL","NIPOMO","93444","40","SAN LUIS OBISPO","Clinic","Community Clinic","35.02699100","-120.49881000"
3988,"CHC TEMPLETON WOMEN'S HEALTH","292 POSADA LN","TEMPLETON","93465","40","SAN LUIS OBISPO","Clinic","Community Clinic","35.55299000","-120.72143000"
3997,"SONRISAS DENTAL HEALTH, INC.","210 SAN MATEO RD","HALF MOON BAY","94019","41","SAN MATEO","Clinic","Community Clinic","37.46807000","-122.42944000"
4015,"RAVENSWOOD FAMILY HEALTH CENTER","1885 BAY RD","EAST PALO ALTO","94303","41","SAN MATEO","Clinic","Community Clinic","37.47279000","-122.13241000"
4052,"ANGELICA CARE CORP","6700 FALLBROOK AVE","WEST HILLS","91307","19","LOS ANGELES","Home Health Agency/Hospice","Hospice","34.19232000","-118.62303000"
4056,"LA VIDA HOSPICE, INC.","732 W 9TH ST","SAN PEDRO","90731","19","LOS ANGELES","Home Health Agency/Hospice","Hospice","33.73633000","-118.29309000"
4314,"SAN LUIS CARE CENTER","709 N ST","NEWMAN","95360","50","STANISLAUS","Long Term Care Facility","Skilled Nursing Facility","37.32275200","-121.02411000"
4328,"RIVER VALLEY CARE CENTER","9000 LARKIN RD","LIVE OAK","95953","51","SUTTER","Long Term Care Facility","Skilled Nursing Facility","39.26230000","-121.66001000"
4348,"PENINSULA HEALTHCARE CONNECTION, INC","33 ENCINA AVE","PALO ALTO","94301","43","SANTA CLARA","Clinic","Community Clinic","37.43910000","-122.16094000"
4388,"HILL COUNTRY COMMUNITY CLINIC","CA 299 E","ROUND MOUNTAIN","96084","45","SHASTA","Clinic","Community Clinic","40.78966000","-121.94712000"
4389,"SHINGLETOWN MEDICAL CENTER","31292 ALPINE MEADOWS RD","SHINGLETOWN","96088","45","SHASTA","Clinic","Community Clinic","40.49141000","-121.88582000"
4396,"BURNEY HEALTH CENTER","37491 ENTERPRISE DR","BURNEY","96013","45","SHASTA","Clinic","Community Clinic","40.88784040","-121.65257440"
4499,"LINDSAY GARDENS NURSING & REHABILITATION","1011 W TULARE RD","LINDSAY","93247","54","TULARE","Long Term Care Facility","Skilled Nursing Facility","36.21059000","-119.10432000"
4545,"JOY OF DIXON DIALYSIS CENTER","1640 N LINCOLN ST","DIXON","95620","48","SOLANO","Clinic","Chronic Dialysis Clinic","38.46243000","-121.83610000"
4566,"RUSSIAN RIVER HEALTH CENTER BUILDING NO.2","16312 3RD ST","GUERNEVILLE","95446","49","SONOMA","Clinic","Community Clinic","38.50260000","-122.99823000"
4577,"ALEXANDER VALLEY HEALTHCARE","100 W 3RD ST","CLOVERDALE","95425","49","SONOMA","Clinic","Community Clinic","38.80765000","-123.01919000"
4581,"ROHNERT PARK HEALTH CENTER","5900 STATE FARM DR","ROHNERT PARK","94928","49","SONOMA","Clinic","Community Clinic","38.35346000","-122.70722000"
4741,"WHITMORE DIALYSIS","1424 E WHITMORE AVE","CERES","95307","50","STANISLAUS","Clinic","Chronic Dialysis Clinic","37.59480000","-120.97165000"
4769,"FAMILY HEALTHCARE NETWORK","33025 ROAD 159","IVANHOE","93235","54","TULARE","Clinic","Community Clinic","36.38897000","-119.21809000"
4774,"FAMILY HEALTHCARE NETWORK - SPRINGVILLE","35800 CA-190","SPRINGVILLE","93265","54","TULARE","Clinic","Community Clinic","36.13302000","-118.81492000"
4841,"QUINCY HOME MEDICAL SERVICES","75 S GAY ST","SUSANVILLE","96130","18","LASSEN","Home Health Agency/Hospice","Home Health Agency","40.41759000","-120.66086000"
4955,"FAMILY HEALTHCARE NETWORK","41651 SIERRA DR","THREE RIVERS","93271","54","TULARE","Clinic","Community Clinic","36.43836000","-118.90519000"
4956,"FAMILY HEALTHCARE NETWORK","12586 AVENUE 408","OROSI","93647","54","TULARE","Clinic","Community Clinic","36.53043700","-119.29028300"
4958,"EXETER DIALYSIS","1116 W VISALIA RD","EXETER","93221","54","TULARE","Clinic","Chronic Dialysis Clinic","36.29736000","-119.15420000"
4964,"FAMILY HEALTHCARE NETWORK","730 N FARMERSVILLE BLVD","FARMERSVILLE","93223","54","TULARE","Clinic","Community Clinic","36.30349000","-119.20706000"
4966,"FAMILY HEALTHCARE NETWORK","201 E LAKEVIEW AVE","WOODLAKE","93286","54","TULARE","Clinic","Community Clinic","36.41734000","-119.09754000"
4968,"FAMILY HEALTHCARE NETWORK","93227","GOSHEN","93227","54","TULARE","Clinic","Community Clinic","36.35109000","-119.41909000"
4971,"DINUBA DIALYSIS","510 E NORTH WAY","DINUBA","93618","54","TULARE","Clinic","Chronic Dialysis Clinic","36.54934000","-119.39036000"
4975,"ALTURA CENTERS FOR HEALTH","16686 ROAD 168","PORTERVILLE","93257","54","TULARE","Clinic","Community Clinic","36.09267000","-119.19670000"
4980,"FAMILY HEALTHCARE NETWORK","1008 N CHERRY ST","TULARE","93274","54","TULARE","Clinic","Community Clinic","36.22225000","-119.33761000"
4982,"SATELLITE HEALTHCARE JAMESTOWN","18330 STATE HIGHWAY 108","JAMESTOWN","95327","55","TUOLUMNE","Clinic","Chronic Dialysis Clinic","37.95538000","-120.42364000"
4984,"TUOLUMNE ME-WUK INDIAN HEALTH CENTER","18880 CHERRY VALLEY BLVD","TUOLUMNE","95379","55","TUOLUMNE","Clinic","Community Clinic","37.96341000","-120.24041000"
4996,"CLINICAS DEL CAMINO REAL INC FILLMORE","355 CENTRAL AVE","FILLMORE","93015","56","VENTURA","Clinic","Community Clinic","34.40028000","-118.91371000"
5006,"BMA SANTA PAULA","242 E HARVARD BLVD","SANTA PAULA","93060","56","VENTURA","Clinic","Chronic Dialysis Clinic","34.34728000","-119.06876000"
5211,"WINTERS HEALTHCARE CLINIC","172 E GRANT AVE","WINTERS","95694","57","YOLO","Clinic","Community Clinic","38.52614000","-121.96654000"
5217,"WEST SACRAMENTO DIALYSIS CENTER","3450 INDUSTRIAL BLVD","WEST SACRAMENTO","95691","57","YOLO","Clinic","Chronic Dialysis Clinic","38.57369000","-121.55986000"
5220,"AMPLA HEALTH LINDHURST MEDICAL & DENTAL","4941 OLIVEHURST AVE","OLIVEHURST","95961","58","YUBA","Clinic","Community Clinic","39.09731430","-121.55107570"
5359,"RAI - STERLING PARKWAY - LINCOLN","811 STERLING PKY","LINCOLN","95648","31","PLACER","Clinic","Chronic Dialysis Clinic","38.87128000","-121.29603000"
5370,"DIAMOND VALLEY DIALYSIS","1181 N STATE ST","SAN JACINTO","92583","33","RIVERSIDE","Clinic","Chronic Dialysis Clinic","33.80247000","-116.97124000"
5399,"MECCA HEALTH CLINIC","91275 66TH AVE","MECCA","92254","33","RIVERSIDE","Clinic","Community Clinic","33.56840030","-116.07439210"
5402,"INDIO SURGERY CENTER INC.","46900 MONROE ST","INDIO","92201","33","RIVERSIDE","Clinic","Surgical Clinic","33.70784000","-116.23384000"
5445,"CEI BERKELEY  - BRANCH","1497 ALCATRAZ AVE","BERKELEY","94702","01","ALAMEDA","Home Health Agency/Hospice","Home Health Agency","37.84790000","-122.27817000"
5451,"MAXIM HEALTHCARE SERVICES, INC.","6475 CHRISTIE AVE","EMERYVILLE","94608","01","ALAMEDA","Home Health Agency/Hospice","Home Health Agency","37.84575000","-122.29644000"
5581,"BANNING FAMILY COMMUNITY HEALTH CENTER","1070 E RAMSEY ST","BANNING","92220","33","RIVERSIDE","Clinic","Community Clinic","33.92535000","-116.86506000"
5590,"VCC: LAKE ELSINORE","30195 FRASER DR","LAKE ELSINORE","92530","33","RIVERSIDE","Clinic","Community Clinic","33.68451000","-117.36790000"
5591,"TRUECARE","1675 N PERRIS BLVD","PERRIS","92571","33","RIVERSIDE","Clinic","Community Clinic","33.80293000","-117.22601000"
5638,"HOLISTIC CARE AT HOME, INC.","5707 REDWOOD RD","OAKLAND","94619","01","ALAMEDA","Home Health Agency/Hospice","Home Health Agency","37.80000800","-122.17106800"
5640,"SENIOR PRO SERVICES,  LLC","14798 WICKS BLVD","SAN LEANDRO","94577","01","ALAMEDA","Home Health Agency/Hospice","Home Health Agency","37.69412010","-122.16314030"
5661,"KAIROS HOME CARE LLC","4510 PERALTA BLVD","FREMONT","94536","01","ALAMEDA","Home Health Agency/Hospice","Home Health Agency","37.55147000","-122.01111000"
5663,"GIMAG HOME HEALTH CARE","4047 1ST ST","LIVERMORE","94551","01","ALAMEDA","Home Health Agency/Hospice","Home Health Agency","37.69325000","-121.74863000"
5667,"AMERICAN HOSPICE AND HOME HEALTH CARE SERVICES INC - HHA","6850 REGIONAL ST","DUBLIN","94568","01","ALAMEDA","Home Health Agency/Hospice","Home Health Agency","37.70205000","-121.93327000"
5670,"VITAL HOSPICE CARE LLC","1090 LA PLAYA DR","HAYWARD","94545","01","ALAMEDA","Home Health Agency/Hospice","Hospice","37.64760000","-122.10546000"
5672,"ALAMEDA CARE HOSPICE","1101 MARINA VILLAGE PKWY","ALAMEDA","94501","01","ALAMEDA","Home Health Agency/Hospice","Hospice","37.78456000","-122.27379000"
5675,"HOSPICE OF AMADOR - HHA","1500 S STATE HIGHWAY 49","JACKSON","95642","03","AMADOR","Home Health Agency/Hospice","Home Health Agency","38.33686000","-120.75903000"
5681,"GOLDEN VALLEY HOME HEALTH","1960 FEATHER RIVER BLVD","OROVILLE","95965","04","BUTTE","Home Health Agency/Hospice","Home Health Agency","39.50238000","-121.57097000"
5685,"ASSURED HOME HEALTH","196 COHASSET RD","CHICO","95926","04","BUTTE","Home Health Agency/Hospice","Home Health Agency","39.75230000","-121.85425000"
5813,"NORTH HIGHLANDS DIALYSIS CENTER","4612 ROSEVILLE RD","NORTH HIGHLANDS","95660","34","SACRAMENTO","Clinic","Chronic Dialysis Clinic","38.65368000","-121.38840000"
5832,"BLOOMINGTON COMMUNITY HEALTH CENTER","18601 VALLEY BLVD","BLOOMINGTON","92316","36","SAN BERNARDINO","Clinic","Community Clinic","34.07045000","-117.39815000"
5880,"SUNSHINE HOSPICE AND PALLIATIVE CARE","3575 SAN PABLO DAM RD","EL SOBRANTE","94803","07","CONTRA COSTA","Home Health Agency/Hospice","Hospice","37.96439000","-122.31876000"
5883,"KAISER FOUNDATION HOSPITAL  HOSPICE - MARTINEZ","200 MUIR RD","MARTINEZ","94553","07","CONTRA COSTA","Home Health Agency/Hospice","Hospice","37.99350740","-122.11038320"
5912,"AMAZING GRACE HOME HEALTH","3260 BLUME DR","RICHMOND","94806","07","CONTRA COSTA","Home Health Agency/Hospice","Home Health Agency","37.98394000","-122.32089000"
5914,"HARMONY HOME HEALTH","140 GREGORY LN","PLEASANT HILL","94523","07","CONTRA COSTA","Home Health Agency/Hospice","Home Health Agency","37.94794000","-122.06559000"
5919,"BLOSSOM RIDGE HEALTH, LLC","1800 SUTTER ST","CONCORD","94520","07","CONTRA COSTA","Home Health Agency/Hospice","Home Health Agency","37.97381000","-122.03743000"
5920,"BLIZE HEALTHCARE - PARENT","750 ALFRED NOBEL DR","HERCULES","94547","07","CONTRA COSTA","Home Health Agency/Hospice","Home Health Agency","38.02016000","-122.27520000"
5921,"MEDICS CHOICE HOME HEALTH SAN RAMON","3170 CROW CANYON PL","SAN RAMON","94583","07","CONTRA COSTA","Home Health Agency/Hospice","Home Health Agency","37.77547000","-121.97199000"
5922,"HEALTH LINK","1280 CIVIC DR","WALNUT CREEK","94596","07","CONTRA COSTA","Home Health Agency/Hospice","Home Health Agency","37.90437000","-122.05983000"
5924,"SUTTER COAST HOME CARE","785 E WASHINGTON BLVD","CRESCENT CITY","95531","08","DEL NORTE","Home Health Agency/Hospice","Home Health Agency","41.77236000","-124.19280000"
5926,"BARTON HEALTHCARE SYSTEM HOME HEALTH","2092 LAKE TAHOE BLVD","SOUTH LAKE TAHOE","96150","09","EL DORADO","Home Health Agency/Hospice","Home Health Agency","38.91522000","-120.00141000"
5930,"ACTIVE LIGHT HOSPICE, INC.","23236 LYONS AVE","NEWHALL","91321","19","LOS ANGELES","Home Health Agency/Hospice","Hospice","34.37937000","-118.53906000"
5977,"PERSONAL TOUCH HOSPICE CARE, INC","13094 BORDEN AVE","SYLMAR","91342","19","LOS ANGELES","Home Health Agency/Hospice","Hospice","34.30812000","-118.44389000"
6095,"NEIGHBORHOOD HEALTHCARE-GOLD FAMILY HEALTH CENTER","13010 POWAY RD","POWAY","92064","37","SAN DIEGO","Clinic","Community Clinic","32.95665000","-117.04926000"
6099,"MOUNTAIN HEALTH FAMILY MEDICINE","1388 BUCKMAN SPRINGS RD","CAMPO","91906","37","SAN DIEGO","Clinic","Community Clinic","32.63042000","-116.47310000"
6103,"SAN YSIDRO HEALTH MATERNAL & CHILD HEALTH CENTER","4050 BEYER BLVD","SAN YSIDRO","92173","37","SAN DIEGO","Clinic","Community Clinic","32.55828000","-117.04684000"
6107,"TRUECARE","220 ROTANZI ST","RAMONA","92065","37","SAN DIEGO","Clinic","Community Clinic","33.02907000","-116.88887000"
6114,"MARSHALL HOME CARE","681 MAIN ST","PLACERVILLE","95667","09","EL DORADO","Home Health Agency/Hospice","Home Health Agency","38.73014000","-120.79194000"
6172,"OMNIA HEALTHCARE, LLC","105 BULLARD AVE","CLOVIS","93612","10","FRESNO","Home Health Agency/Hospice","Home Health Agency","36.82311000","-119.70815000"
6177,"CALIFORNIA HOME HEALTH","6081 N 1ST ST","FRESNO","93710","10","FRESNO","Home Health Agency/Hospice","Home Health Agency","36.82499000","-119.77488000"
6178,"ST. JOSEPH HOME CARE - HUMBOLDT COUNTY","2127 HARRISON AVE","EUREKA","95501","12","HUMBOLDT","Home Health Agency/Hospice","Home Health Agency","40.78802900","-124.13931700"
6468,"ATTAIN HEALTH HOME HEALTH INC","1513 AVIATION BLVD","REDONDO BEACH","90278","19","LOS ANGELES","Home Health Agency/Hospice","Home Health Agency","33.86847000","-118.38286000"
6478,"LUXE HOSPICE, INC.","881 ALMA REAL DR","PACIFIC PALISADES","90272","19","LOS ANGELES","Home Health Agency/Hospice","Hospice","34.04472000","-118.52504000"
6495,"ONE GOOD HOSPICE INC.","2377 W CLEVELAND AVE","MADERA","93637","20","MADERA","Home Health Agency/Hospice","Hospice","36.97502000","-120.08671000"
6501,"SUTTER VISITING NURSE ASSOCIATION","100 ROWLAND WAY","NOVATO","94945","21","MARIN","Home Health Agency/Hospice","Home Health Agency","38.09707000","-122.55812000"
6506,"AMERICAN CAREQUEST NORTH BAY","4040 CIVIC CENTER DR","SAN RAFAEL","94903","21","MARIN","Home Health Agency/Hospice","Hospice","38.00597000","-122.53938000"
6508,"JOHN C. FREMONT HEALTHCARE DIST HOME HEALTH AGENCY","5108 CA 140","MARIPOSA","95338","22","MARIPOSA","Home Health Agency/Hospice","Home Health Agency","37.48938000","-119.97009000"
6509,"MEDICS CHOICE HOME HEALTH UKIAH","620 DORA AVE","UKIAH","95482","23","MENDOCINO","Home Health Agency/Hospice","Home Health Agency","39.15422000","-123.21401000"
6511,"MENDOCINO COAST HOME HEALTH","700 RIVER DR","FORT BRAGG","95437","23","MENDOCINO","Home Health Agency/Hospice","Home Health Agency","39.43259380","-123.80149780"
6512,"ADVENTIST HEALTH HOME CARE SERVICES","100 SAN HEDRIN CIR","WILLITS","95490","23","MENDOCINO","Home Health Agency/Hospice","Home Health Agency","39.39140000","-123.33620000"
6513,"ALTRUITY HOME HEALTH AND HOSPICE","1675 SHAFFER RD","ATWATER","95301","24","MERCED","Home Health Agency/Hospice","Home Health Agency","37.34812000","-120.59683000"
6630,"ANGEL'S HAND PALLIATIVE CARE, INCORPORATION","3645 SAVIERS RD","OXNARD","93033","56","VENTURA","Home Health Agency/Hospice","Hospice","34.16619000","-119.17776000"
6640,"WOODLAND HEALTHCARE HOME HEALTH","1207 FAIRCHILD CT","WOODLAND","95695","57","YOLO","Home Health Agency/Hospice","Home Health Agency","38.66618230","-121.79235600"
6641,"YOLO HOSPICE","1909 GALILEO CT","DAVIS","95618","57","YOLO","Home Health Agency/Hospice","Hospice","38.54213000","-121.72857000"
6643,"FREEDOM HOME HEALTH AND HOSPICE CARE SERVICES, INC.","519 D ST","MARYSVILLE","95901","58","YUBA","Home Health Agency/Hospice","Home Health Agency","39.14109000","-121.58904000"
6644,"BRISTOL HOSPICE - CALIFORNIA, LLC","374 E YOSEMITE AVE","MERCED","95340","24","MERCED","Home Health Agency/Hospice","Hospice","37.33208300","-120.46394040"
6658,"ADOBE HOME HEALTH, INC.","19045 PORTOLA DR","SALINAS","93908","27","MONTEREY","Home Health Agency/Hospice","Home Health Agency","36.62314740","-121.68521070"
6660,"HEALTHY LIVING AT HOME - MONTEREY, LLC","2150 GARDEN RD","MONTEREY","93940","27","MONTEREY","Home Health Agency/Hospice","Home Health Agency","36.58612000","-121.85984000"
6661,"ADVENTIST HEALTH HOME CARE SERVICES","821 SAINT HELENA HWY S","SAINT HELENA","94574","28","NAPA","Home Health Agency/Hospice","Home Health Agency","38.48732000","-122.44828000"
6667,"ST. JOSEPH HOME CARE - QUEEN OF THE VALLEY","980 TRANCAS ST","NAPA","94558","28","NAPA","Home Health Agency/Hospice","Home Health Agency","38.32376000","-122.29487000"
6671,"HOSPICE OF THE FOOTHILLS (HOSPICE)","11270 ROUGH AND READY HIGHWAY","GRASS VALLEY","95945","29","NEVADA","Home Health Agency/Hospice","Hospice","39.21927430","-121.05894990"
6672,"TAHOE FOREST HOSPICE","10875 PIONEER TRL","TRUCKEE","96161","29","NEVADA","Home Health Agency/Hospice","Hospice","39.33448000","-120.18169000"
6709,"SAN BENITO HOME HEALTH CARE","911C SUNSET DR","HOLLISTER","95023","35","SAN BENITO","Home Health Agency/Hospice","Home Health Agency","36.83503000","-121.38645000"
6759,"SEQUOIA HEALTHCARE INC.","26940 BASELINE ST","HIGHLAND","92346","36","SAN BERNARDINO","Home Health Agency/Hospice","Home Health Agency","34.12128000","-117.21651000"
6767,"INLAND EMPIRE HOME HEALTH CARE AGENCY","238 N RIVERSIDE AVE","RIALTO","92376","36","SAN BERNARDINO","Home Health Agency/Hospice","Home Health Agency","34.10313000","-117.37056000"
6874,"ARCHANGEL HOSPICE, LLC","56970 YUCCA TRL","YUCCA VALLEY","92284","36","SAN BERNARDINO","Home Health Agency/Hospice","Hospice","34.12094000","-116.42097000"
6889,"NEEDLES HOSPICE, INC.","813 W BROADWAY ST","NEEDLES","92363","36","SAN BERNARDINO","Home Health Agency/Hospice","Hospice","34.83873000","-114.60556000"
6959,"HIGH DESERT COMMUNITY HOME HEALTH, INC.","222 E MAIN ST","BARSTOW","92311","36","SAN BERNARDINO","Home Health Agency/Hospice","Home Health Agency","34.89838000","-117.02515000"
6991,"HI-DESERT HOME HEALTH SERVICES - HOSPICE","6601 WHITE FEATHER RD","JOSHUA TREE","92252","36","SAN BERNARDINO","Home Health Agency/Hospice","Hospice","34.13264000","-116.27667000"
7037,"APA HOME HEALTH CARE SERVICES, INC.","12362 BEACH BLVD","STANTON","90680","30","ORANGE","Home Health Agency/Hospice","Home Health Agency","33.78211720","-117.99272940"
7043,"JM HOMECARE SOLUTIONS, INC.","625 S PALM ST","LA HABRA","90631","30","ORANGE","Home Health Agency/Hospice","Home Health Agency","33.92569440","-117.92497730"
7062,"NEW LIFE HOME HEALTH SERVICES","17111 BEACH BLVD","HUNTINGTON BEACH","92647","30","ORANGE","Home Health Agency/Hospice","Home Health Agency","33.71396000","-117.98921000"
7172,"ST. MARY HIGH DESERT HOME HEALTH","17081 MAIN ST","HESPERIA","92345","36","SAN BERNARDINO","Home Health Agency/Hospice","Home Health Agency","34.41987000","-117.29066000"
7178,"BRIO HOSPICE","14712 PIPELINE AVE","CHINO HILLS","91709","36","SAN BERNARDINO","Home Health Agency/Hospice","Hospice","33.98571000","-117.71512000"
7205,"WEST COAST HEALTHCARE, LLC","29222 RANCHO VIEJO RD","SAN JUAN CAPISTRANO","92675","30","ORANGE","Home Health Agency/Hospice","Hospice","33.53894000","-117.67366000"
7228,"1 & 1 HOSPICE, INC.","201 S ANITA DR","ORANGE","92868","30","ORANGE","Home Health Agency/Hospice","Hospice","33.78592000","-117.88116000"
7229,"KAGA HOME HEALTH, INC.","13950 MILTON AVE","WESTMINSTER","92683","30","ORANGE","Home Health Agency/Hospice","Home Health Agency","33.75946000","-118.01988000"
7237,"RNPLUS HOME HEALTH, INC.","22600 SAVI RANCH PKWY","YORBA LINDA","92887","30","ORANGE","Home Health Agency/Hospice","Home Health Agency","33.87511000","-117.74214000"
7241,"ACACIA HOME HEALTH AND PALLIATIVE INC.","11770 WARNER AVE","FOUNTAIN VALLEY","92708","30","ORANGE","Home Health Agency/Hospice","Home Health Agency","33.71601000","-117.92461000"
7242,"OASIS HAVEN HOSPICE, INC.","260 NEWPORT CENTER DR","NEWPORT BEACH","92660","30","ORANGE","Home Health Agency/Hospice","Hospice","33.61270000","-117.87431000"
7243,"SUNNYSIDE HOSPICE AND PALLIATIVE CARE","12377 LEWIS ST","GARDEN GROVE","92840","30","ORANGE","Home Health Agency/Hospice","Hospice","33.78295000","-117.89881000"
7249,"CALSTRO HOSPICE ORANGE COUNTY","17332 IRVINE BLVD","TUSTIN","92780","30","ORANGE","Home Health Agency/Hospice","Hospice","33.74797000","-117.82972000"
7251,"INFINITE CARE HOSPICE, INC.","2102 BUSINESS CENTER DR","IRVINE","92612","30","ORANGE","Home Health Agency/Hospice","Hospice","33.68011000","-117.85518000"
7253,"CARE CHOICE HOSPICE, INC.","2112 N MAIN ST","SANTA ANA","92706","30","ORANGE","Home Health Agency/Hospice","Hospice","33.76475000","-117.86796000"
7254,"SEACLIFF HOSPICE INC.","1055 EL CAMINO DR","COSTA MESA","92626","30","ORANGE","Home Health Agency/Hospice","Hospice","33.67543000","-117.90133000"
7255,"HOPE CARE HOSPICE, INC.","601 E YORBA LINDA BLVD","PLACENTIA","92870","30","ORANGE","Home Health Agency/Hospice","Hospice","33.88966000","-117.85449000"
7279,"SUNRISE HOME CARE SERVICES, INC.","941 S ATLANTIC BLVD","MONTEREY PARK","91754","19","LOS ANGELES","Home Health Agency/Hospice","Home Health Agency","34.04989000","-118.13871000"
7310,"BEAR  VALLEY HOSPICE, LLC","909 W BIG BEAR BLVD","BIG BEAR CITY","92314","36","SAN BERNARDINO","Home Health Agency/Hospice","Hospice","34.26048000","-116.86124000"
7333,"WELLHOUSE CARE, INC","11354 MOUNTAIN VIEW AVE","LOMA LINDA","92354","36","SAN BERNARDINO","Home Health Agency/Hospice","Hospice","34.04733000","-117.24366000"
7361,"PROGRESSIVE HOME CARE - AUBURN","11879 KEMPER RD","AUBURN","95603","31","PLACER","Home Health Agency/Hospice","Home Health Agency","38.93126000","-121.09178000"
7369,"GREEN VALLEY HOSPICE, INC.","3009 DOUGLAS BLVD","ROSEVILLE","95661","31","PLACER","Home Health Agency/Hospice","Hospice","38.74413550","-121.23277980"
7427,"TRANQUIL CARE HOSPICE","3250 OCEAN PARK BLVD","SANTA MONICA","90405","19","LOS ANGELES","Home Health Agency/Hospice","Hospice","34.02122000","-118.45159000"
7460,"ASCENDIO HEALTH SYSTEM, INC.","1035 S MILLIKEN AVE","ONTARIO","91761","36","SAN BERNARDINO","Home Health Agency/Hospice","Hospice","34.05358000","-117.55810000"
7463,"VANGUARD HOSPICE CARE","13781 ROSWELL AVE","CHINO","91710","36","SAN BERNARDINO","Home Health Agency/Hospice","Hospice","34.00239000","-117.72178000"
7472,"TOUCHING HEARTS HOSPICE, LLC","813 N LA CADENA DR","COLTON","92324","36","SAN BERNARDINO","Home Health Agency/Hospice","Hospice","34.07373000","-117.32296000"
7483,"NEXUS HOSPICE OF THE HIGH DESERT, LLC","19195 OUTER HWY 18 S","APPLE VALLEY","92307","36","SAN BERNARDINO","Home Health Agency/Hospice","Hospice","34.53655000","-117.24530000"
7490,"HEAVENLY ANGEL HOSPICE INC","202 E AIRPORT DR","SAN BERNARDINO","92408","36","SAN BERNARDINO","Home Health Agency/Hospice","Hospice","34.06825000","-117.28361000"
7492,"CELEBRITY HOME HEALTH","942 W FOOTHILL BLVD","UPLAND","91786","36","SAN BERNARDINO","Home Health Agency/Hospice","Home Health Agency","34.10627000","-117.66429000"
7497,"ALL CONCIERGE HOMEHEALTH, INC.","2125 S EL CAMINO REAL","OCEANSIDE","92054","37","SAN DIEGO","Home Health Agency/Hospice","Home Health Agency","33.18897000","-117.32865000"
7587,"UNISON HEALTH SERVICES, INC.","8855 VALLEY BLVD","ROSEMEAD","91770","19","LOS ANGELES","Home Health Agency/Hospice","Home Health Agency","34.08113000","-118.07581000"
7590,"BELLA VIDA HOSPICE","5900 S EASTERN AVE","COMMERCE","90040","19","LOS ANGELES","Home Health Agency/Hospice","Hospice","33.98362000","-118.16232000"
7610,"ARISE HOME CARE CORP","1420 N CLAREMONT BLVD","CLAREMONT","91711","19","LOS ANGELES","Home Health Agency/Hospice","Home Health Agency","34.10829000","-117.70280000"
7615,"OPTIMA HEALTH CARE, INC.","4532 RINETTI LN","LA CANADA FLINTRIDGE","91011","19","LOS ANGELES","Home Health Agency/Hospice","Home Health Agency","34.20189000","-118.19194000"
7667,"LA JOLLA NURSES HOMECARE","92037","LA JOLLA","92037","37","SAN DIEGO","Home Health Agency/Hospice","Home Health Agency","32.83878000","-117.24762000"
7767,"SENTRY HOME HEALTH SERVICES, INC","210 S IRWINDALE AVE","AZUSA","91702","19","LOS ANGELES","Home Health Agency/Hospice","Home Health Agency","34.11927500","-117.93351700"
7773,"VICTORIA HOSPICE SERVICES, INC.","8797 BEVERLY BLVD","WEST HOLLYWOOD","90048","19","LOS ANGELES","Home Health Agency/Hospice","Hospice","34.07721000","-118.38356000"
7825,"ALPHA PLUS HOME HEALTH SERVICES","7227 BROADWAY","LEMON GROVE","91945","37","SAN DIEGO","Home Health Agency/Hospice","Home Health Agency","32.74222000","-117.04196000"
7827,"DESERT HOME CARE","4343 YAQUI PASS RD","BORREGO SPRINGS","92004","37","SAN DIEGO","Home Health Agency/Hospice","Home Health Agency","33.18074000","-116.33241000"
7851,"SACRED HEART HEALTH CARE PROVIDERS, INC.","758 N 2ND ST","EL CAJON","92021","37","SAN DIEGO","Home Health Agency/Hospice","Home Health Agency","32.80463000","-116.93581000"
7853,"HEALTHWISE HOME HEALTH CARE INC.","1615 SWEETWATER RD","NATIONAL CITY","91950","37","SAN DIEGO","Home Health Agency/Hospice","Home Health Agency","32.66129220","-117.08301120"
7862,"BONITA HOMECARE, INC.","319 F ST","CHULA VISTA","91910","37","SAN DIEGO","Home Health Agency/Hospice","Home Health Agency","32.64104000","-117.08080000"
7865,"MISSION HOME HEALTH OF SAN MARCOS - BRANCH","334 VIA VERA CRUZ","SAN MARCOS","92078","37","SAN DIEGO","Home Health Agency/Hospice","Home Health Agency","33.13677650","-117.18952130"
7869,"TRIO HOME HEALTH CARE OF SAN DIEGO, INC.","1991 VILLAGE PARK WAY","ENCINITAS","92024","37","SAN DIEGO","Home Health Agency/Hospice","Home Health Agency","33.05337000","-117.24576000"
8005,"VISTA HOSPICE CARE INC","550 W VISTA WAY","VISTA","92083","37","SAN DIEGO","Home Health Agency/Hospice","Hospice","33.19567000","-117.25344000"
8007,"ELITE HEALTH CARE SYSTEMS","7484 UNIVERSITY AVE","LA MESA","91942","37","SAN DIEGO","Home Health Agency/Hospice","Hospice","32.75855000","-117.03612000"
8008,"PACIFIC POINT HOSPICE & PALLIATIVE CARE","5938 PRIESTLY DR","CARLSBAD","92008","37","SAN DIEGO","Home Health Agency/Hospice","Hospice","33.13321000","-117.27283000"
8014,"CHAMPION HOSPICE, LLC","350 W 9TH AVE","ESCONDIDO","92025","37","SAN DIEGO","Home Health Agency/Hospice","Hospice","33.11298000","-117.08021000"
8019,"PROMAXHOSPICE GROUP","1761 HOTEL CIR S","SAN DIEGO","92108","37","SAN DIEGO","Home Health Agency/Hospice","Hospice","32.75881000","-117.17906000"
8040,"HEALTH LINK HOSPICE","1000 BRANNAN ST","SAN FRANCISCO","94103","38","SAN FRANCISCO","Home Health Agency/Hospice","Hospice","37.76983000","-122.40733000"
8053,"A CARING LIFE HOME HEALTH, INC","35 E 10TH ST","TRACY","95376","39","SAN JOAQUIN","Home Health Agency/Hospice","Home Health Agency","37.73885000","-121.42492000"
8128,"LIFE TOUCH HOSPICE","9778 KATELLA AVE","ANAHEIM","92804","30","ORANGE","Home Health Agency/Hospice","Hospice","33.80193000","-117.96282000"
8170,"KAISER PERMANENTE - SOUTHBAY HHA - BRANCH","25975 NORMANDIE AVE","HARBOR CITY","90710","19","LOS ANGELES","Home Health Agency/Hospice","Home Health Agency","33.78733000","-118.29754000"
8192,"ELIXIR HOME HEALTH CARE","1420 W KETTLEMAN LN","LODI","95242","39","SAN JOAQUIN","Home Health Agency/Hospice","Home Health Agency","38.11535000","-121.29123000"
8194,"DIGNITY HEALTH HOME HEALTH - ATASCADERO","4555 EL CAMINO REAL","ATASCADERO","93422","40","SAN LUIS OBISPO","Home Health Agency/Hospice","Home Health Agency","35.49722000","-120.68117000"
8205,"BRIGHTSTAR HOME HEALTH AGENCY OF SAN LUIS OBISPO","3220 S HIGUERA ST","SAN LUIS OBISPO","93401","40","SAN LUIS OBISPO","Home Health Agency/Hospice","Home Health Agency","35.25658000","-120.66873000"
8218,"ATHOME HEALTHCARE TEAM- PENINSULA LLC","1213 EATON AVE","SAN CARLOS","94070","41","SAN MATEO","Home Health Agency/Hospice","Home Health Agency","37.49304000","-122.24558000"
8242,"1ST CHOICE HOSPICE CARE","1291 E HILLSDALE BLVD","FOSTER CITY","94404","41","SAN MATEO","Home Health Agency/Hospice","Hospice","37.56907000","-122.26559000"
8249,"SAN BRUNO SKILLED NURSING","890 EL CAMINO REAL","SAN BRUNO","94066","41","SAN MATEO","Long Term Care Facility","Skilled Nursing Facility","37.63036000","-122.41743000"
8251,"MILLBRAE CARE CENTER","33 MATEO AVE","MILLBRAE","94030","41","SAN MATEO","Long Term Care Facility","Skilled Nursing Facility","37.60520000","-122.39399000"
8255,"BURLINGAME HEALTH CARE CENTER D/P SNF","1100 TROUSDALE DR","BURLINGAME","94010","41","SAN MATEO","Hospital","General Acute Care Hospital","37.59555000","-122.38225000"
8256,"BROOKSIDE SKILLED NURSING HOSPITAL","2620 FLORES ST","SAN MATEO","94403","41","SAN MATEO","Long Term Care Facility","Skilled Nursing Facility","37.54262000","-122.30666000"
8257,"DEVONSHIRE OAKS NURSING CENTER","3635 JEFFERSON AVE","REDWOOD CITY","94062","41","SAN MATEO","Long Term Care Facility","Skilled Nursing Facility","37.46422800","-122.25165400"
8258,"THE CENTER FOR DISCOVERY AND ADOLESCENT CHANGES","1895 ALTSCHUL AVE","MENLO PARK","94025","41","SAN MATEO","Long Term Care Facility","Congregate Living Health Facility","37.43425200","-122.21157700"
8309,"HUMAN TOUCH HOME HEALTH AGENCY, INC. - PARENT","3629 N SEPULVEDA BLVD","MANHATTAN BEACH","90266","19","LOS ANGELES","Home Health Agency/Hospice","Home Health Agency","33.90130000","-118.39630000"
8313,"SANTA CLARITA HOME HEALTH","22620 MARKET ST","SANTA CLARITA","91321","19","LOS ANGELES","Home Health Agency/Hospice","Home Health Agency","34.37845000","-118.52802000"
8325,"MAXIM HEALTHCARE SERVICES, INC.","1515 W 190TH ST","GARDENA","90248","19","LOS ANGELES","Home Health Agency/Hospice","Home Health Agency","33.85839000","-118.30588000"
8394,"GRACEFUL PALMS HOSPICE AND PALLIATIVE CARE CORP.","40015 SIERRA HWY","PALMDALE","93550","19","LOS ANGELES","Home Health Agency/Hospice","Hospice","34.60989000","-118.12261000"
8407,"DESERT WIND HOSPICE, INC.","14359 AMARGOSA RD","VICTORVILLE","92392","36","SAN BERNARDINO","Home Health Agency/Hospice","Hospice","34.51177000","-117.32990000"
8416,"CORAM CVS/SPECIALTU INFUSION SEERVICES","5571 EKWILL ST","GOLETA","93111","42","SANTA BARBARA","Home Health Agency/Hospice","Home Health Agency","34.43005000","-119.82118000"
8423,"CENTRAL COAST HOME HEALTH - SANTA BARBARA","4213 STATE ST","SANTA BARBARA","93110","42","SANTA BARBARA","Home Health Agency/Hospice","Home Health Agency","34.44046000","-119.76358000"
8424,"SANTA MARIA HOSPICE, INC.","222 W CARMEN LN","SANTA MARIA","93458","42","SANTA BARBARA","Home Health Agency/Hospice","Hospice","34.92482000","-120.43890000"
8427,"BROOKDALE HOSPICE","5674 STONERIDGE DR","PLEASANTON","94588","01","ALAMEDA","Home Health Agency/Hospice","Hospice","37.69151000","-121.88908000"
8456,"SILICON VALLEY PHARMACY AND INFUSION THERAPIES","14107 WINCHESTER BLVD","LOS GATOS","95032","43","SANTA CLARA","Home Health Agency/Hospice","Home Health Agency","37.26181000","-121.96203000"
8536,"IMMACULATE HEART OF MARY HOME HEALTH, INC.","10066 ROSECRANS AVE","BELLFLOWER","90706","19","LOS ANGELES","Home Health Agency/Hospice","Home Health Agency","33.90200000","-118.11874000"
8550,"PACIFIC HEARTS HOSPICE, INC.","21151 S WESTERN AVE","TORRANCE","90501","19","LOS ANGELES","Home Health Agency/Hospice","Hospice","33.83693000","-118.30993000"
8565,"HEMET HOME HEALTH CARE","233 S CARMALITA ST","HEMET","92543","33","RIVERSIDE","Home Health Agency/Hospice","Home Health Agency","33.74472000","-116.96950000"
8583,"DIRECT PROVIDER OF HEALTHCARE SERVICES, INC.","9320 BASELINE RD","RANCHO CUCAMONGA","91701","36","SAN BERNARDINO","Home Health Agency/Hospice","Home Health Agency","34.12157000","-117.60171000"
8609,"ARDENT HOSPICE OF THE DESERT, INC.","1750 E ARENAS RD","PALM SPRINGS","92262","33","RIVERSIDE","Home Health Agency/Hospice","Hospice","33.82147000","-116.52679000"
8612,"ARBOR HOSPICE","25220 HANCOCK AVE","MURRIETA","92562","33","RIVERSIDE","Home Health Agency/Hospice","Hospice","33.56273000","-117.18174000"
8613,"ARBOR VITAE HOSPICE CARE, INC.","1780 TOWN AND COUNTRY DR","NORCO","92860","33","RIVERSIDE","Home Health Agency/Hospice","Hospice","33.92813000","-117.55957000"
8619,"BAYHEALTH, INC.","30 UNION AVE","CAMPBELL","95008","43","SANTA CLARA","Home Health Agency/Hospice","Home Health Agency","37.28652000","-121.93535000"
8635,"HEALTHONE PROFESSIONAL ENTITY, LLC","500 E CALAVERAS BLVD","MILPITAS","95035","43","SANTA CLARA","Home Health Agency/Hospice","Home Health Agency","37.43243000","-121.89680100"
8637,"GRACE COMMUNITY HOME HEALTH INC.","229 POLARIS AVE","MOUNTAIN VIEW","94043","43","SANTA CLARA","Home Health Agency/Hospice","Home Health Agency","37.39860000","-122.08393000"
8642,"AMLIFE HOME HEALTH SERVICES, LLC","16275 MONTEREY ST","MORGAN HILL","95037","43","SANTA CLARA","Home Health Agency/Hospice","Home Health Agency","37.11650000","-121.64504000"
8644,"INTOUCH HOME CARE, INC.","4701 PATRICK HENRY DR","SANTA CLARA","95054","43","SANTA CLARA","Home Health Agency/Hospice","Home Health Agency","37.39820000","-121.98497000"
8646,"BONITA SPRINGS HOME HEALTH LLC","8545 MONTEREY RD","GILROY","95020","43","SANTA CLARA","Home Health Agency/Hospice","Home Health Agency","37.02065000","-121.57547000"
8651,"SOLEIL HOSPICE, LLC","800 CHARCOT AVE","SAN JOSE","95131","43","SANTA CLARA","Home Health Agency/Hospice","Hospice","37.38581000","-121.90737000"
8652,"SUTTER VISITING NURSE ASSOCIATION AND HOSPICE","2880 SOQUEL AVE","SANTA CRUZ","95062","44","SANTA CRUZ","Home Health Agency/Hospice","Home Health Agency","36.98585000","-121.98700000"
8656,"HOSPICE OF SANTA CRUZ COUNTY - BRANCH","65 NIELSON ST","WATSONVILLE","95076","44","SANTA CRUZ","Home Health Agency/Hospice","Hospice","36.92824000","-121.79349000"
8658,"SHASTA FAMILY HEALTH CARE SERVICES","2350 BALLS FERRY RD","ANDERSON","96007","45","SHASTA","Home Health Agency/Hospice","Home Health Agency","40.45115000","-122.29250000"
8668,"SOJOURN HOSPICE & PALLIATIVE CARE - REDDING LLC","2150 CHURN CREEK RD","REDDING","96002","45","SHASTA","Home Health Agency/Hospice","Hospice","40.57685000","-122.35377000"
8669,"MERCY HOME CARE - MT. SHASTA BRANCH","914 PINE ST","MOUNT SHASTA","96067","47","SISKIYOU","Home Health Agency/Hospice","Home Health Agency","41.31894000","-122.32309000"
8670,"MADRONE HOSPICE, INC.","255 COLLIER CIR","YREKA","96097","47","SISKIYOU","Home Health Agency/Hospice","Hospice","41.73343000","-122.64689000"
8685,"CARE UNLIMITED HOSPICE SERVICES, INC.","1025 W ARROW HWY","GLENDORA","91740","19","LOS ANGELES","Home Health Agency/Hospice","Hospice","34.10674000","-117.88210000"
8713,"HEALTHY HEART HOME CARE","15901 HAWTHORNE BLVD","LAWNDALE","90260","19","LOS ANGELES","Home Health Agency/Hospice","Home Health Agency","33.88634000","-118.35274000"
8735,"ESSENTIAL CARE GROUP, INC.","1170 DURFEE AVE","SOUTH EL MONTE","91733","19","LOS ANGELES","Home Health Agency/Hospice","Hospice","34.03577000","-118.04146000"
8736,"GLOBAL HOME HOSPICE SERVICE, INCORPORATED","221 N SAN DIMAS AVE","SAN DIMAS","91773","19","LOS ANGELES","Home Health Agency/Hospice","Hospice","34.10953000","-117.80736000"
8752,"TRINITAS HOSPICE CARE LLC","5230 CLARK AVE","LAKEWOOD","90712","19","LOS ANGELES","Home Health Agency/Hospice","Hospice","33.85304000","-118.13342000"
8759,"ELBRUS HOSPICE INC","19725 SHERMAN WAY","WINNETKA","91306","19","LOS ANGELES","Home Health Agency/Hospice","Hospice","34.20148000","-118.56306000"
8773,"HEALTHY LIVING AT HOME - PALM DESERT, LLC","36953 COOK ST","PALM DESERT","92211","33","RIVERSIDE","Home Health Agency/Hospice","Home Health Agency","33.77901000","-116.35587000"
8781,"CARING ANGELS HOSPICE","255 E RINCON ST","CORONA","92879","33","RIVERSIDE","Home Health Agency/Hospice","Hospice","33.88717000","-117.56193000"
8782,"ALLEGIANT HOME HEALTH CARE, INC.","27715 JEFFERSON AVE","TEMECULA","92590","33","RIVERSIDE","Home Health Agency/Hospice","Home Health Agency","33.51272000","-117.15902000"
8783,"NIVIE HOME HEALTH SERVICES, INC.","23800 SUNNYMEAD BLVD","MORENO VALLEY","92553","33","RIVERSIDE","Home Health Agency/Hospice","Home Health Agency","33.93900000","-117.24741000"
8785,"ALMAZ HHA, LLC","35325 DATE PALM DR","CATHEDRAL CITY","92234","33","RIVERSIDE","Home Health Agency/Hospice","Home Health Agency","33.79146000","-116.45874000"
8816,"KINDRED AT HOME - HOME HEALTH - VACAVILLE","190 S ORCHARD AVE","VACAVILLE","95688","48","SOLANO","Home Health Agency/Hospice","Home Health Agency","38.35882000","-122.00479000"
8817,"VITAS HEALTHCARE CORPORATION OF CALIFORNIA","2480 HILBORN RD","FAIRFIELD","94534","48","SOLANO","Home Health Agency/Hospice","Hospice","38.27442860","-122.05252080"
8821,"MARY'S HELP HOSPICE SERVICES, INC.","3469 TENNESSEE ST","VALLEJO","94591","48","SOLANO","Home Health Agency/Hospice","Hospice","38.10875000","-122.20492000"
8828,"ST. JOSEPH HEALTH HOSPICE SERVICES","416 PAYRAN ST","PETALUMA","94952","49","SONOMA","Home Health Agency/Hospice","Hospice","38.23867280","-122.62658580"
8836,"ST JOSEPH HEALTH HOSPICE SERVICES","205 EAST ST","HEALDSBURG","95448","49","SONOMA","Home Health Agency/Hospice","Hospice","38.60857060","-122.86774730"
8841,"AT YOUR SERVICE NURSING AND HOME CARE","1221 FARMERS LN","SANTA ROSA","95405","49","SONOMA","Home Health Agency/Hospice","Home Health Agency","38.44000000","-122.68711000"
8853,"INTERIM HEALTHCARE OF CENTRAL CALIFORNIA","5250 CLAREMONT AVE","STOCKTON","95207","39","SAN JOAQUIN","Home Health Agency/Hospice","Home Health Agency","37.99872340","-121.30942800"
8854,"COMPANION HOSPICE, LLC","4199 FLAT ROCK DR","RIVERSIDE","92505","33","RIVERSIDE","Home Health Agency/Hospice","Hospice","33.90362000","-117.49306000"
8857,"COVENANT CARE HOSPICE","125 N BROADWAY","TURLOCK","95380","50","STANISLAUS","Home Health Agency/Hospice","Hospice","37.49355000","-120.84802000"
8866,"INTERIM HEALTHCARE OF SAN GABRIEL VALLEY","2709 B ST","LA VERNE","91750","19","LOS ANGELES","Home Health Agency/Hospice","Home Health Agency","34.10556000","-117.77277000"
8870,"MEGACARE HOSPICE AND PALLIATIVE CARE, INC.","20953 DEVONSHIRE ST","CHATSWORTH","91311","19","LOS ANGELES","Home Health Agency/Hospice","Hospice","34.25741000","-118.59040000"
8910,"NEXT DOOR HOME CARE, INC.","13083 VAN NUYS BLVD","PACOIMA","91331","19","LOS ANGELES","Home Health Agency/Hospice","Home Health Agency","34.26914000","-118.41831000"
8912,"PREFERRED CARE HOSPICE, INC.","11565 LAUREL CANYON BLVD","SAN FERNANDO","91340","19","LOS ANGELES","Home Health Agency/Hospice","Hospice","34.27998000","-118.45472000"
8927,"THE HOSPICE HOUSE PRESBYTERIAN INTERCOMMUNITY","10742 VALLEY VIEW AVE","WHITTIER","90604","19","LOS ANGELES","Home Health Agency/Hospice","Hospice","33.93447200","-118.02229300"
8930,"PROCARE HOSPICE","42442 10TH ST W","LANCASTER","93534","19","LOS ANGELES","Home Health Agency/Hospice","Hospice","34.65425000","-118.14768000"
8943,"COMPASSIONATE CARE HOME HEALTH, INC.","4852 VAN NUYS BLVD","SHERMAN OAKS","91403","19","LOS ANGELES","Home Health Agency/Hospice","Home Health Agency","34.15910000","-118.44850000"
8948,"BEVERLY HILLS HOME HEALTH CARE, INC.","292 S LA CIENEGA BLVD","BEVERLY HILLS","90211","19","LOS ANGELES","Home Health Agency/Hospice","Home Health Agency","34.06285000","-118.37612000"
8955,"INNOVATIVE HOME HEALTH CARE","266 MONTEREY RD","SOUTH PASADENA","91030","19","LOS ANGELES","Home Health Agency/Hospice","Home Health Agency","34.11154000","-118.17023000"
8959,"TRUE CARE HOSPICE OF NORTHERN CALIFORNIA, INC.","4813 EL CAMINO AVE","CARMICHAEL","95608","34","SACRAMENTO","Home Health Agency/Hospice","Hospice","38.61041000","-121.35239000"
9000,"EDEN HOME HEALTH","9299 E STOCKTON BLVD","ELK GROVE","95624","34","SACRAMENTO","Home Health Agency/Hospice","Home Health Agency","38.41949000","-121.39119000"
9020,"PROHEALTH HOME CARE, INC. - HHA","1375 EXPOSITION BLVD","SACRAMENTO","95815","34","SACRAMENTO","Home Health Agency/Hospice","Home Health Agency","38.59593000","-121.43944000"
9022,"GRACE HOSPICE CARE","1500 STANDIFORD AVE","MODESTO","95350","50","STANISLAUS","Home Health Agency/Hospice","Hospice","37.68914000","-121.01758000"
9027,"SUTTER NORTH HOSPICE","400 PLUMAS BLVD","YUBA CITY","95991","51","SUTTER","Home Health Agency/Hospice","Hospice","39.12975000","-121.61479000"
9029,"ST. ELIZABETH HOSPICE","1425 VISTA WAY","RED BLUFF","96080","52","TEHAMA","Home Health Agency/Hospice","Hospice","40.15367890","-122.24680140"
9030,"TRINITY HOME HEALTH SERVICES","60 EASTER AVE","WEAVERVILLE","96093","53","TRINITY","Home Health Agency/Hospice","Home Health Agency","40.73784000","-122.94037000"
9038,"KINDRED HOSPICE","4020 S DEMAREE ST","VISALIA","93277","54","TULARE","Home Health Agency/Hospice","Hospice","36.29389000","-119.33141000"
9041,"ADVENTIST HEALTH HOME CARE SERVICES - PARENT","20100 CEDAR RD N","SONORA","95370","55","TUOLUMNE","Home Health Agency/Hospice","Home Health Agency","37.98553040","-120.36525780"
9070,"ADVANCED QUALITY HOSPICE, INC.","3212 LOMA VISTA RD","VENTURA","93003","56","VENTURA","Home Health Agency/Hospice","Hospice","34.27573000","-119.25302000"
9074,"AUTHENTIC HOME HEALTH CARE, INC.","2667 N MOORPARK RD","THOUSAND OAKS","91360","56","VENTURA","Home Health Agency/Hospice","Home Health Agency","34.21694000","-118.86892000"
9075,"PACIFIC CARE GROUP, LLC","1601 CARMEN DR","CAMARILLO","93010","56","VENTURA","Home Health Agency/Hospice","Home Health Agency","34.23285000","-119.05194000"
9079,"MED CARE HOSPICE, INC","2904 THERESA DR","NEWBURY PARK","91320","56","VENTURA","Home Health Agency/Hospice","Hospice","34.17885000","-118.93808000"
9082,"SH HOME HEALTH, INC.","45 W EASY ST","SIMI VALLEY","93065","56","VENTURA","Home Health Agency/Hospice","Home Health Agency","34.27961000","-118.79816000"
9087,"VERTEX HOSPICE CARE INC.","28436 CONSTELLATION RD","VALENCIA","91355","19","LOS ANGELES","Home Health Agency/Hospice","Hospice","34.45352000","-118.57749000"
9089,"UNISYS HOSPICE CARE","7200 VINELAND AVE","SUN VALLEY","91352","19","LOS ANGELES","Home Health Agency/Hospice","Hospice","34.20159000","-118.37029000"
9093,"BEST CHOICE HOSPICE INC","316 W CARSON ST","CARSON","90745","19","LOS ANGELES","Home Health Agency/Hospice","Hospice","33.83131000","-118.28224000"
9098,"ELIM WELLCARE HOSPICE, LLC","2304 HUNTINGTON DR","SAN MARINO","91108","19","LOS ANGELES","Home Health Agency/Hospice","Hospice","34.12220000","-118.10468000"
9099,"A PLUS HOSPICE CARE, INC.","10501 VALLEY BLVD","EL MONTE","91731","19","LOS ANGELES","Home Health Agency/Hospice","Hospice","34.07638000","-118.04353000"
9101,"HEALING HEARTS HEALTHCARE, INC","14621 TITUS ST","PANORAMA CITY","91402","19","LOS ANGELES","Home Health Agency/Hospice","Hospice","34.21986000","-118.45164000"
9109,"CAPITAL HOSPICE CARE, INC.","17050 CHATSWORTH ST","GRANADA HILLS","91344","19","LOS ANGELES","Home Health Agency/Hospice","Hospice","34.26473000","-118.50397000"
9112,"SECOND WIND HOME HEALTH INC","2225 W COMMONWEALTH AVE","ALHAMBRA","91803","19","LOS ANGELES","Home Health Agency/Hospice","Home Health Agency","34.08788000","-118.15052000"
9123,"WHITE ROSE HOSPICE, INC.","16200 VENTURA BLVD","ENCINO","91436","19","LOS ANGELES","Home Health Agency/Hospice","Hospice","34.15625000","-118.48561000"
9124,"RED HEARTS HOSPICE INC","981 CORPORATE CENTER DR","POMONA","91768","19","LOS ANGELES","Home Health Agency/Hospice","Hospice","34.06135000","-117.80281000"
9129,"ST. VINCENT HOSPICE & CARE, INC.","14349 VICTORY BLVD","VAN NUYS","91401","19","LOS ANGELES","Home Health Agency/Hospice","Hospice","34.18669000","-118.44593000"
9134,"VISITING ANGELS HOSPICE, INC.","539 N GLENOAKS BLVD","BURBANK","91502","19","LOS ANGELES","Home Health Agency/Hospice","Hospice","34.18653000","-118.31088000"
9144,"INGLEWOOD HOME HEALTH CARE AGENCY, INC.","111 N LA BREA AVE","INGLEWOOD","90301","19","LOS ANGELES","Home Health Agency/Hospice","Home Health Agency","33.96383000","-118.35342000"
9148,"MAJESTY HOME HEALTH","18527 ROSCOE BLVD","NORTHRIDGE","91324","19","LOS ANGELES","Home Health Agency/Hospice","Home Health Agency","34.22076000","-118.53720000"
9149,"ALWAYS STAY HOME NURSING SERVICE, INC.","11633 HAWTHORNE BLVD","HAWTHORNE","90250","19","LOS ANGELES","Home Health Agency/Hospice","Home Health Agency","33.92848000","-118.35316100"
9150,"MEDQUEST HEALTH SERVICES, INC.","19634 VENTURA BLVD","TARZANA","91356","19","LOS ANGELES","Home Health Agency/Hospice","Home Health Agency","34.17265000","-118.56124000"
9151,"PROFESSIONAL HOME HEALTH SERVICE, INC.","2155 E GARVEY AVE N","WEST COVINA","91791","19","LOS ANGELES","Home Health Agency/Hospice","Home Health Agency","34.07256000","-117.89978000"
9152,"EVERGREEN HOME HEALTH, INC.","17215 STUDEBAKER RD","CERRITOS","90703","19","LOS ANGELES","Home Health Agency/Hospice","Home Health Agency","33.87449560","-118.10028830"
9153,"MED CARE PLUS HOME HEALTH, INC.","490 S ROSEMEAD BLVD","PASADENA","91107","19","LOS ANGELES","Home Health Agency/Hospice","Home Health Agency","34.13807000","-118.07320000"
9156,"MISSION HEALTH CARE PROVIDERS, INC.","18631 SHERMAN WAY","RESEDA","91335","19","LOS ANGELES","Home Health Agency/Hospice","Home Health Agency","34.20121000","-118.53996000"
9161,"HYE NURSES HOME HEALTH, INC","12011 VICTORY BLVD","NORTH HOLLYWOOD","91606","19","LOS ANGELES","Home Health Agency/Hospice","Home Health Agency","34.18671000","-118.39479000"
9168,"LEGACY HEALTH CARE PROVIDERS, INC.","1272 E CENTER COURT DR","COVINA","91724","19","LOS ANGELES","Home Health Agency/Hospice","Home Health Agency","34.07276000","-117.86357000"
9170,"COMFORT HOME HEALTH CARE, INC.","3633 LONG BEACH BLVD","LONG BEACH","90807","19","LOS ANGELES","Home Health Agency/Hospice","Home Health Agency","33.82334000","-118.18938000"
9171,"ALLSUPREME HOME CARE, INC.","13110 W WASHINGTON BLVD","CULVER CITY","90066","19","LOS ANGELES","Home Health Agency/Hospice","Home Health Agency","33.99381000","-118.44104000"
9173,"IMMACULATE HOME HEALTH PROVIDERS","7340 FLORENCE AVE","DOWNEY","90240","19","LOS ANGELES","Home Health Agency/Hospice","Home Health Agency","33.95921000","-118.14134000"
9174,"RELY ABLE HOME HEALTH CARE","331 ARDEN AVE","GLENDALE","91203","19","LOS ANGELES","Home Health Agency/Hospice","Home Health Agency","34.15851000","-118.25941000"
9175,"HOLY ANGEL HOME HEALTHCARE, INC.","3470 WILSHIRE BLVD","LOS ANGELES","90010","19","LOS ANGELES","Home Health Agency/Hospice","Home Health Agency","34.06167000","-118.29980000"
