"LAB_CATEGORY","LAB_NAME","NORMAL_RANGE","LAB_ID"
"BLOOD, PLASMA, SERUM","Albumin, serum","3.5-5.0 g/dL (35-50 g/L)",1
"BLOOD, PLASMA, SERUM","Amylase, serum","27-131 U/L (0.46-2.23 µkat/L)",2
"BLOOD, PLASMA, SERUM","Aspartate aminotransferase (AST, SGOT at 37°C)","10-59 U/L (0.17-1.00 -2 to +3 kat/L)",3
"BLOOD, PLASMA, SERUM","Bilirubin, serum","0.2-1.3 mg/dL (3-22 µmol/L)",4
"BLOOD, PLASMA, SERUM","Calcium, serum","9.0-11.0 mg/dL (2.25-2.75 mmol/L)",5
"BLOOD, PLASMA, SERUM","Cholesterol, serum","140-250 mg/dL (3.6-6.5 mmol/L)",6
"BLOOD, PLASMA, SERUM","Cholesterol, serum HDL","> 35 mg/dL (> 0.9 mmol/L)",7
"BLOOD, PLASMA, SERUM","Cholesterol, serum LDL","< 130 mg/dL (< 3.37 mmol/L)",8
"BLOOD, PLASMA, SERUM","Cholesterol, serum Triglycerides, serum","40-150 mg/dL (0.4-1.5 g/L)",9
"BLOOD, PLASMA, SERUM","Cortisol, plasma 8 AM","6-23 µg/dL (170-635 nmol/L)",10
"BLOOD, PLASMA, SERUM","Cortisol, plasma 4 PM","3-15 µg/dL (82-413 nmol/L)",11
"BLOOD, PLASMA, SERUM","Cortisol, plasma 10 PM","< 50% of 8 AM value",12
"BLOOD, PLASMA, SERUM","Creatine kinase","10-105 U/L",13
"BLOOD, PLASMA, SERUM","Creatinine, serum","0.7-1.5 mg/dL (62-133 µmol/L)",14
"BLOOD, PLASMA, SERUM","Electrolytes, serum Sodium","136-146 mEq/L (136-146 mmol/L)",15
"BLOOD, PLASMA, SERUM","Electrolytes, serum Chloride","96-106 mmol/L",16
"BLOOD, PLASMA, SERUM","Electrolytes, serum Potassium","3.5-4.5 mEq/L (3.5-4.5 mmol/L)",17
"BLOOD, PLASMA, SERUM","Electrolytes, serum Bicarbonate","22-29 mEq/L (23-29 mmol/L)",18
"BLOOD, PLASMA, SERUM","Ferritin, serum Male","27-270 ng/mL (27-270 µg/L)",19
"BLOOD, PLASMA, SERUM","Ferritin, serum Female","9-180 ng/mL (9-180 µg/L)",20
"BLOOD, PLASMA, SERUM","Follicle-stimulating hormone, plasma Male","4-25 mIU/mL (4-25 IU/L)",21
"BLOOD, PLASMA, SERUM","Follicle-stimulating hormone, plasma Female","4-30 mIU/mL (4-30 IU/L)",22
"BLOOD, PLASMA, SERUM","Gases, arterial blood (room air) pH","7.35-7.45",23
"BLOOD, PLASMA, SERUM","Gases, arterial blood (room air) PO2","75-100 mm Hg (10.0-13.3 kPa)",24
"BLOOD, PLASMA, SERUM","Gases, arterial blood (room air) PCO2","32-48 mm Hg (4.3-6.4 kPa)",25
"BLOOD, PLASMA, SERUM","Gases, arterial blood (room air) O2 saturation","94-100% (0.94-1.00)",26
"BLOOD, PLASMA, SERUM","Glucose, serum Fasting","< 120 mg/dL (< 6.7 mmol/L)",27
"BLOOD, PLASMA, SERUM","Glucose, serum 2 h postgrandial","0-10 ng/mL (0-10 µg/L)",28
"BLOOD, PLASMA, SERUM","β-Human chorionic gonadotropin (male or non-pregnant female)","< 3.0 IU/L",29
"BLOOD, PLASMA, SERUM","Immunoglobulins, serum IgA","60-333 mg/dL (0.6-3.3 g/L)",30
"BLOOD, PLASMA, SERUM","Immunoglobulins, serum IgD","0.5-3.0 mg/dL (5-30 mg/L)",31
"BLOOD, PLASMA, SERUM","Immunoglobulins, serum IgE","< 500 ng/mL (< 500 µg/L)",32
"BLOOD, PLASMA, SERUM","Immunoglobulins, serum IgG","550-1900 mg/dL (5.5-19.0 g/L)",33
"BLOOD, PLASMA, SERUM","Immunoglobulins, serum IgM","45-145 mg/dL (0.45-1.5 g/L)",34
"BLOOD, PLASMA, SERUM","Iron, serum","75-175 µg/dL (13-31 µmol/L)",35
"BLOOD, PLASMA, SERUM","Lactate dehydrogenase (LDH)","45-90 U/L",36
"BLOOD, PLASMA, SERUM","Luteinizing hormone, serum/plasma Male","6-18 mIU/mL (6-18 IU/L)",37
"BLOOD, PLASMA, SERUM","Luteinizing hormone, serum/plasma Female","5-22 mIU/mL (5-22 IU/L)",38
"BLOOD, PLASMA, SERUM","Magnesium, serum","1.3-2.1 mEq/L (0.65-1.05 mmol/L)",39
"BLOOD, PLASMA, SERUM","Osmolality, serum","285-295 mOsm/kg serum water",40
"BLOOD, PLASMA, SERUM","Parathyroid hormone, intact","10-55 pg/mL (10-55 ng/L)",41
"BLOOD, PLASMA, SERUM","Phosphatase (alkaline), serum (p-NPP at 30°C)","20-90 mU/mL (20-90 U/L)",42
"BLOOD, PLASMA, SERUM","Phosphorus (inorganic), serum","3.0-4.5 mg/dL (1.0-1.5 mmol/L)",43
"BLOOD, PLASMA, SERUM","Prolactin, serum (hPRL)","< 25 ng/mL (< 25 µg/L)",44
"BLOOD, PLASMA, SERUM","Prostate-specific antigen (PSA)","< 4.0 ng/mL (< 4.0 µg/L)",45
"BLOOD, PLASMA, SERUM","Proteins, serum Total","6.0-8.0 g/dL (60-80 g/L)",46
"BLOOD, PLASMA, SERUM","Proteins, serum Albumin","3.5-5.0 g/dL (35-50 g/L)",47
"BLOOD, PLASMA, SERUM","Proteins, serum Globulin","0.2-1.7 g/dL (2-17 g/L)",48
"BLOOD, PLASMA, SERUM","Thyroid-stimulating hormone (TSH)","0.35-7.0 µU/mL (0.35-7.0 mU/L)",49
"BLOOD, PLASMA, SERUM","Thyroxine (T4), serum","5-12 µg/dL (65-155 nmol/L)",50
"BLOOD, PLASMA, SERUM","Triiodothyronine (T3), serum (RIA)","150-250 ng/dL (2.3-3.9 nmol/L)",51
"BLOOD, PLASMA, SERUM","Triiodothyronine (T3), resin uptake","25-38% uptake (0.25-0.38 uptake)",52
"BLOOD, PLASMA, SERUM","Troponin-I","< 0.35 ng/mL",53
"BLOOD, PLASMA, SERUM","Urea nitrogen, serum (BUN)","11-23 mg/dL (7.9-16.4 mmol/L)",54
"BLOOD, PLASMA, SERUM","Uric acid, serum","2.6-7.2 mg/dL (0.15-0.42 mmol/L)",55
"CEREBROSPINAL FLUID","Cell count","£ 5/mm3",56
"CEREBROSPINAL FLUID","Chloride","120-130 mEq/L (120-130 mmol/L)",57
"CEREBROSPINAL FLUID","Gamma globulin","3-12% (0.03-0.12)",58
"CEREBROSPINAL FLUID","Glucose","50-75 mg/dL (2.8-4.2 mmol/L)",59
"CEREBROSPINAL FLUID","Pressure","70-180 mm H2O",60
"CEREBROSPINAL FLUID","Protein","15-45 mg/dL (0.15-0.45 g/L)",61
"HEMATOLOGIC","Bleeding time (template)","2.5-9.5 min",62
"HEMATOLOGIC","Erythrocyte count, blood Male","4.6-6.2 million/mm3 (4.2-6.2 × 1012/L)",63
"HEMATOLOGIC","Erythrocyte count, blood Female","4.2-5.4 million/mm3 (4.2-5.4 × 1012/L)",64
"HEMATOLOGIC","Hematocrit Male","40-54% (0.40-0.54)",65
"HEMATOLOGIC","Hematocrit Female","37-47% (0.37-0.47)",66
"HEMATOLOGIC","Hemoglobin Male","14.0-18.0 g/dL (2.17-2.79 mmol/L)",67
"HEMATOLOGIC","Hemoglobin Male","12.0-16.0 g/dL (1.86-2.48 mmol/L)",68
"HEMATOLOGIC","Hemoglobin, glycosylated","5.3-7.5%",69
"HEMATOLOGIC","Hemoglobin, plasma","0-5 mg/dL (0-0.8 µmol/L)",70
"HEMATOLOGIC","Leukocyte count and differential Leukocyte count","4500-11,000/mm3 (4.5-11.0 × 109/L)",71
"HEMATOLOGIC","Leukocyte count and differential Segmented neutrophils","54-62% (0.54-0.62)",72
"HEMATOLOGIC","Leukocyte count and differential Bands","3-5% (0.03-0.05)",73
"HEMATOLOGIC","Leukocyte count and differential Eosinophils","1-3% (0.01-0.03)",74
"HEMATOLOGIC","Leukocyte count and differential Basophils","0-0.75% (0-0.0075)",75
"HEMATOLOGIC","Leukocyte count and differential Lymphocytes","25-33% (0.25-0.33)",76
"HEMATOLOGIC","Leukocyte count and differential Monocytes","3-7% (0.03-0.07)",77
"HEMATOLOGIC","Mean corpuscular hemoglobin","27-31 pg",78
"HEMATOLOGIC","Mean corpuscular hemoglobin concentration","33-37 g/dL (330-370 g/L)",79
"HEMATOLOGIC","Mean corpuscular volume","80-96 µm3 (80-96 fL)",80
"HEMATOLOGIC","Partial thromboplastin time (activated)","20-35 sec",81
"HEMATOLOGIC","Platelet count, blood","150,000-350,000/mm3 (150-350 × 109/L)",82
"HEMATOLOGIC","Prothrombin time","12.0-14.0 sec",83
"HEMATOLOGIC","Red blood cell distribution width","£ 14.5%",84
"HEMATOLOGIC","Reticulocyte count","0.5-1.5% of erythrocytes",85
"HEMATOLOGIC","Sedimentation rate, erythrocyte (Westergren) Male","0-15 mm in one hour (0-15 mm/h)",86
"HEMATOLOGIC","Sedimentation rate, erythrocyte (Westergren) Female","0-20 mm in one hour (0-20 mm/h)",87
"HEMATOLOGIC","Thrombin time","< 2 seconds deviation from control",88
"HEMATOLOGIC","Volume, plasma Male","25-43 mL/kg (0.025-0.043 L/kg)",89
"HEMATOLOGIC","Volume, plasma Female","28-45 mL/kg (0.028-0.045 L/kg)",90
"URINE","Calcium","< 250 mg/24 h (< 6.3 nmol/24 h)",91
"URINE","Chloride","110-250 mmol/d (varies with intake)",92
"URINE","Creatinine clearance Male","110-150 mL/min",93
"URINE","Creatinine clearance Female","105-132 mL/min",94
"URINE","Estriol, total","6-18 mg/24 h (21-62 µmol/24 h)",95
"URINE","Hydroxycorticosteroids Male","3-9 mg/24 h (8.3-25 µmol/24 h)",96
"URINE","Hydroxycorticosteroids Female","2-8 mg/24 h (5.5-22 µmol/24 h)",97
"URINE","Ketosteroids Male","6-18 mg/24 h (21-62 µmol/24 h)",98
"URINE","Ketosteroids Female","4-13 mg/24 h (14-45 µmol/24 h)",99
"URINE","Osmolality","38-1400 mOsm/kg water",100
"URINE","pH","4.6-8.0",101
"URINE","Potassium","25-125 mEq/d (varies with diet)",102
"URINE","Proteins, total","10-150 mg/24 h",103
"URINE","Sodium","40-220 mEq/d (varies with diet)",104
"URINE","Specific gravity","1.003-1.030",105
"URINE","Uric acid","varies with diet",106
